{
  "H1_synthetic": {
    "hypothesis": "H1'",
    "family": "synthetic",
    "target": "depth",
    "r2_margin_heldout": 0.8724712905164348,
    "r2_depth": 0.8724712905164348,
    "r2_fraction": 0.5409030890098808,
    "beta_margin": 0.3635310649630384,
    "beta_size": 0.001938557703241536,
    "beta_size_depth": 0.001938557703241536,
    "beta_size_fraction": -0.31111317688466206,
    "size_variance": 36525.947121560406,
    "corr_dec_logmargin": -0.6989689695971968,
    "original_H1_band_r2_heldout": 0.05959912822628122,
    "band_slope": -0.5003042480655702,
    "n_train": 3264,
    "n_test": 1399,
    "passed": true
  },
  "H1_tiger": {
    "hypothesis": "H1'",
    "family": "tiger",
    "target": "fraction",
    "r2_margin_heldout": 0.5503122598500461,
    "r2_depth": 0.5295776826878587,
    "r2_fraction": 0.5503122598500461,
    "beta_margin": -1.3752802084302698,
    "beta_size": 0.07224223148790505,
    "beta_size_depth": 0.2181560377687797,
    "beta_size_fraction": 0.07224223148790505,
    "size_variance": 2787210.0330747636,
    "corr_dec_logmargin": -0.34381399211009306,
    "original_H1_band_r2_heldout": -0.013626264339632987,
    "band_slope": 0.0430582205166879,
    "n_train": 1784,
    "n_test": 765,
    "passed": false
  },
  "H2": {
    "hypothesis": "H2",
    "median_rel_err": 0.017377188711212084,
    "crossover": false,
    "phi_min": 0.5631072970913248,
    "phi_max": 0.6308730812930247,
    "tiger_phi_span": null,
    "n": 18,
    "passed": false
  },
  "H3": {
    "hypothesis": "H3",
    "median_ratio_naive_over_prog": 5.8975166026751715,
    "min_ratio": 3.391521500791814,
    "max_ratio": 16.76568265682657,
    "median_ratio_brink_over_prog": 4.856631886287557,
    "all_correct": true,
    "n_counties": 12,
    "phi_min": 0.0596456476284802,
    "phi_max": 0.2948529147659926,
    "ratios": [
      3.391521500791814,
      4.492816746480595,
      5.36331195765245,
      5.637891009246508,
      16.76568265682657,
      10.850751116524563,
      14.827875635417898,
      15.797350812508537,
      5.508778669945062,
      5.547514041237891,
      6.49931129476584,
      6.157142196103836
    ],
    "passed": true
  }
}